"nutrient","ffg","hypothesis1_p","hypothesis2_p","hypothesis3_p","hypothesis4_p"
"CN","HB",0.996613172913917,6.97800465293202e-06,0.210872048094178,0.0936406344389098
"CP","HB",0.781278774045525,3.49493693958551e-09,0.840851476065813,1.64980584386896e-06
"NP","HB",0.748587444876028,2.15772135090476e-11,0.794372926350879,1.62030967652182e-07
"CN","CG",0.74108936237891,1.32572299485891e-07,0.439644156656245,0.00132000192765624
"CP","CG",0.416030937033419,1.4458184596781e-09,8.69742250326616e-05,0.039982643248552
"NP","CG",0.375357542928825,2.3292107294167e-10,0.00272845775816315,0.00674258116487195
"CN","CF",0.495004330534846,0.996628111778342,0.806903415914587,0.789937827447278
"CP","CF",0.916698528924727,1.32301570383759e-05,0.93230152419914,0.00256322488964693
"NP","CF",0.779583370557008,1.82889007393564e-08,0.821847553852737,7.88463012816486e-05
